{
  "version": 1,
  "author": "Anonymous maker",
  "editor": "wokwi",
  "parts": [
    { "type": "wokwi-breadboard-half", "id": "bb1", "top": -60.6, "left": -102.8, "attrs": {} },
    {
      "type": "board-esp32-devkit-c-v4",
      "id": "esp",
      "top": -270.46,
      "left": 13.3,
      "rotate": 90,
      "attrs": {}
    },
    {
      "type": "wokwi-dht22",
      "id": "dht1",
      "top": 17.1,
      "left": -22.8,
      "rotate": 180,
      "attrs": {}
    },
    {
      "type": "wokwi-pushbutton-6mm",
      "id": "btn2",
      "top": 30.3,
      "left": 52.5,
      "rotate": 90,
      "attrs": { "color": "green", "xray": "" }
    }
  ],
  "connections": [
    [ "esp:TX", "$serialMonitor:RX", "", [] ],
    [ "esp:RX", "$serialMonitor:TX", "", [] ],
    [ "esp:GND.2", "bb1:tn.20", "black", [ "v0" ] ],
    [ "dht1:GND", "bb1:tn.6", "black", [ "v0" ] ],
    [ "dht1:VCC", "bb1:tp.9", "red", [ "v0" ] ],
    [ "esp:3V3", "bb1:tp.23", "red", [ "v-19.05", "h38.4" ] ],
    [ "bb1:10t.a", "esp:21", "gold", [ "v-86.4", "h86.4" ] ],
    [ "esp:5", "bb1:15t.c", "green", [ "v0" ] ],
    [ "bb1:17t.c", "bb1:tn.14", "black", [ "v0" ] ],
    [ "btn2:1.l", "bb1:17t.e", "", [ "$bb" ] ],
    [ "btn2:2.l", "bb1:15t.e", "", [ "$bb" ] ],
    [ "btn2:1.r", "bb1:17b.f", "", [ "$bb" ] ],
    [ "btn2:2.r", "bb1:15b.f", "", [ "$bb" ] ],
    [ "dht1:VCC", "bb1:11t.d", "", [ "$bb" ] ],
    [ "dht1:SDA", "bb1:10t.d", "", [ "$bb" ] ],
    [ "dht1:NC", "bb1:9t.d", "", [ "$bb" ] ],
    [ "dht1:GND", "bb1:8t.d", "", [ "$bb" ] ]
  ],
  "dependencies": {}
}